,id,x1,x2,x3,x4,x5,x6,x7,x8,x9,x10,x11,x12,x13,x14,x15,x16,x17,x18,x19,x20,x21,x22,x23
0,1.0,1 to 5 years,Magazine industry,Large (500+),Outside North America,Direct to customer,8.5,3.9,2.5,5.9,4.8,4.9,6.0,6.8,4.7,4.3,5.0,5.1,3.6999999999999997,8.2,8.0,8.4,65.1,0.0
1,2.0,Over 5 years,Newsprint industry,Small (0 to 499),USA/North America,Indirect through broker,8.2,2.7,5.1,7.2,3.4,7.8999999999999995,3.1,5.3,5.5,4.0,3.9,4.300000000000001,4.9,5.7,6.5,7.5,67.1,0.0
2,3.0,Over 5 years,Magazine industry,Large (500+),Outside North America,Direct to customer,9.2,3.4,5.6,5.6,5.4,7.3999999999999995,5.8,4.5,6.2,4.6,5.4,4.0,4.5,8.9,8.4,9.0,72.1,0.0
3,4.0,Less than 1 year,Newsprint industry,Large (500+),Outside North America,Indirect through broker,6.4,3.3000000000000003,7.0,3.7,4.7,4.699999999999999,4.5,8.8,7.0,3.6,4.3,4.1,3.0,4.8,6.0,7.2,40.1,0.0
4,5.0,1 to 5 years,Magazine industry,Large (500+),USA/North America,Direct to customer,9.0,3.4,5.2,4.6,2.2,6.0,4.5,6.8,6.1,4.5,4.5,3.5,3.5,7.1,6.6,9.0,57.1,0.0
5,6.0,Less than 1 year,Newsprint industry,Small (0 to 499),Outside North America,Indirect through broker,6.5,2.8,3.1,4.1,4.0,4.3,3.7,8.5,5.1,9.5,3.6,4.7,3.3,4.7,6.3,6.1,50.1,0.0
6,7.0,Less than 1 year,Newsprint industry,Large (500+),Outside North America,Indirect through broker,6.9,3.7,5.0,2.6,2.1,2.3,5.4,8.9,4.8,2.5,2.1,4.2,2.0,5.7,7.8,7.2,41.1,0.0
7,8.0,1 to 5 years,Magazine industry,Large (500+),Outside North America,Indirect through broker,6.2,3.3000000000000003,3.9,4.8,4.6,3.5999999999999996,5.1,6.9,5.4,4.8,4.3,6.300000000000001,3.6999999999999997,6.3,5.8,7.7,56.1,0.0
8,9.0,1 to 5 years,Newsprint industry,Large (500+),Outside North America,Indirect through broker,5.8,3.6,5.1,6.7,3.7,5.9,5.8,9.3,5.9,4.4,4.4,6.1,4.6000000000000005,7.0,7.5,8.2,56.1,0.0
9,10.0,Less than 1 year,Magazine industry,Large (500+),Outside North America,Indirect through broker,6.4,4.5,5.1,6.1,4.7,5.699999999999999,5.7,8.4,5.4,5.3,4.1,5.800000000000001,4.4,5.5,5.9,6.7,59.1,0.0
10,11.0,Over 5 years,Magazine industry,Large (500+),USA/North America,Direct to customer,8.7,3.2,4.6,4.8,2.7,6.8,4.6,6.8,5.8,7.5,3.8,3.7,4.0,7.4,7.0,8.4,68.1,0.0
11,12.0,Less than 1 year,Magazine industry,Large (500+),Outside North America,Indirect through broker,6.1,4.9,6.3,3.9,4.4,3.9,6.4,8.2,5.8,5.9,3.0,4.9,3.1999999999999997,6.0,6.3,6.6,53.1,0.0
12,13.0,Less than 1 year,Newsprint industry,Small (0 to 499),USA/North America,Direct to customer,9.5,5.6,4.6,6.9,5.0,6.8999999999999995,6.6,7.6,6.5,5.3,5.1,4.5,4.4,8.4,8.4,7.9,58.1,0.0
13,14.0,Over 5 years,Newsprint industry,Small (0 to 499),USA/North America,Direct to customer,9.2,3.9,5.7,5.5,2.4,8.399999999999999,4.8,7.1,6.7,3.0,4.5,2.6,4.2,7.6,6.9,8.2,72.1,0.0
14,15.0,1 to 5 years,Magazine industry,Large (500+),Outside North America,Direct to customer,6.3,4.5,4.7,6.9,4.5,6.8,5.9,8.8,6.0,5.4,4.8,6.199999999999999,5.2,8.0,7.0,7.6,62.1,0.0
15,16.0,Over 5 years,Magazine industry,Small (0 to 499),USA/North America,Indirect through broker,8.7,3.2,4.0,6.8,3.2,7.8,3.8,4.9,6.1,5.0,4.3,3.9000000000000004,4.5,6.6,6.4,7.1,71.1,0.0
16,17.0,1 to 5 years,Newsprint industry,Small (0 to 499),Outside North America,Direct to customer,5.7,4.0,6.7,6.0,3.3,5.5,5.1,6.2,6.7,5.4,4.2,6.199999999999999,4.5,6.4,7.5,7.2,50.1,0.0
17,18.0,1 to 5 years,Magazine industry,Large (500+),Outside North America,Indirect through broker,5.9,4.1,5.5,7.2,3.5,6.3999999999999995,5.5,8.4,6.2,6.3,5.7,5.800000000000001,4.8,7.4,6.9,8.2,58.1,0.0
18,19.0,1 to 5 years,Newsprint industry,Large (500+),Outside North America,Indirect through broker,5.6,3.4,5.1,6.4,3.7,5.699999999999999,5.6,9.1,5.4,6.1,5.0,6.0,4.5,6.8,7.5,7.9,55.1,0.0
19,20.0,Over 5 years,Magazine industry,Large (500+),Outside North America,Indirect through broker,9.1,4.5,3.6,6.4,5.3,5.3,7.1,8.4,5.8,6.7,4.5,6.1,4.4,7.6,8.5,8.8,67.1,0.0
20,21.0,Less than 1 year,Magazine industry,Small (0 to 499),Outside North America,Indirect through broker,5.2,3.8000000000000003,7.1,5.2,3.9,4.3,5.0,8.4,7.1,4.6,3.3,4.9,3.3,5.4,5.5,7.0,50.1,0.0
21,22.0,Over 5 years,Newsprint industry,Large (500+),Outside North America,Direct to customer,9.6,5.699999999999999,6.8,5.9,5.4,8.3,7.8,4.5,6.4,6.5,4.3,3.0,4.3,9.9,9.6,9.9,70.1,0.0
22,23.0,1 to 5 years,Magazine industry,Small (0 to 499),USA/North America,Direct to customer,8.6,3.6,7.4,5.1,3.5,7.3,4.7,3.7,6.7,6.0,4.8,3.4000000000000004,4.0,7.0,7.1,8.1,60.1,0.0
23,24.0,Over 5 years,Magazine industry,Large (500+),Outside North America,Direct to customer,9.3,2.4000000000000004,2.6,7.2,2.2,7.2,4.5,6.2,6.4,4.2,6.7,4.4,4.5,8.6,8.1,8.0,65.1,0.0
24,25.0,Less than 1 year,Magazine industry,Small (0 to 499),Outside North America,Indirect through broker,6.0,4.1,5.3,4.7,3.5,5.3,5.3,8.0,6.5,3.9,4.7,5.300000000000001,4.0,4.8,4.9,5.5,55.1,0.0
25,26.0,1 to 5 years,Magazine industry,Large (500+),Outside North America,Indirect through broker,6.4,3.6,6.6,6.1,4.0,3.9,5.3,7.1,6.1,3.7,5.6,6.6,3.9,6.6,6.8,7.0,58.1,0.0
26,27.0,Over 5 years,Magazine industry,Small (0 to 499),USA/North America,Indirect through broker,8.5,3.0,7.2,5.8,4.1,7.6,3.7,4.8,6.9,6.7,5.3,3.8,4.4,6.3,7.1,7.0,70.1,0.0
27,28.0,Less than 1 year,Newsprint industry,Small (0 to 499),Outside North America,Indirect through broker,7.0,3.3000000000000003,5.4,5.5,2.6,4.8,4.2,9.0,6.5,5.9,4.3,5.2,3.6999999999999997,5.4,5.5,5.6,55.1,0.0
28,29.0,Over 5 years,Magazine industry,Small (0 to 499),USA/North America,Indirect through broker,8.5,3.0,5.7,6.0,2.3,7.6,3.7,4.8,5.8,6.0,5.7,3.8,4.4,6.3,6.9,7.2,70.1,0.0
29,30.0,Less than 1 year,Newsprint industry,Large (500+),Outside North America,Indirect through broker,7.6,3.6,3.0,4.0,5.1,4.199999999999999,4.6,7.7,4.9,7.2,4.7,5.5,3.5,5.4,5.5,6.2,52.1,0.0
30,31.0,Less than 1 year,Newsprint industry,Small (0 to 499),USA/North America,Direct to customer,6.9,3.4,8.5,4.3,4.5,6.3999999999999995,4.7,5.2,7.7,3.3,3.7,2.7,3.3,6.1,6.8,7.1,44.1,0.0
31,32.0,Less than 1 year,Magazine industry,Large (500+),Outside North America,Indirect through broker,8.1,2.5,7.2,4.5,2.3,5.1,3.8,6.6,6.8,6.1,3.0,3.5,3.0,6.4,5.8,6.2,51.1,0.0
32,33.0,Less than 1 year,Newsprint industry,Large (500+),Outside North America,Indirect through broker,6.7,3.7,6.5,5.3,5.3,5.1,4.9,9.2,5.7,4.2,3.5,4.5,3.4,5.4,6.5,7.6,44.1,0.0
33,34.0,1 to 5 years,Newsprint industry,Large (500+),Outside North America,Indirect through broker,8.0,3.3000000000000003,6.1,5.7,5.5,4.6,4.7,8.7,5.9,3.8,4.7,6.6,4.2,7.3,7.5,9.0,62.1,0.0
34,35.0,Less than 1 year,Magazine industry,Large (500+),Outside North America,Indirect through broker,6.7,4.0,5.2,3.9,3.0,5.4,6.8,8.4,6.2,6.0,2.5,4.300000000000001,3.5,6.3,6.6,6.7,54.1,0.0
35,36.0,Less than 1 year,Magazine industry,Small (0 to 499),USA/North America,Indirect through broker,8.7,3.2,6.1,4.3,3.5,6.1,2.9,5.6,6.1,6.5,3.1,2.9000000000000004,2.5,5.4,4.6,7.1,51.1,0.0
36,37.0,1 to 5 years,Magazine industry,Small (0 to 499),USA/North America,Direct to customer,9.0,3.4,5.9,4.6,3.9,6.0,4.5,6.8,6.4,4.3,3.9,3.5,3.5,7.1,8.0,7.2,57.1,0.0
37,38.0,Over 5 years,Magazine industry,Large (500+),Outside North America,Direct to customer,9.6,4.1,6.2,7.3,2.9,7.7,5.5,7.7,6.1,4.4,5.2,4.6,4.9,8.7,9.9,9.9,77.1,0.0
38,39.0,1 to 5 years,Newsprint industry,Large (500+),Outside North America,Indirect through broker,8.2,3.6,3.9,6.2,5.8,4.9,5.0,9.0,5.2,7.1,4.7,6.9,4.5,7.6,6.9,7.6,65.1,0.0
39,40.0,Less than 1 year,Magazine industry,Small (0 to 499),Outside North America,Indirect through broker,6.1,4.9,3.0,4.8,5.1,3.9,6.4,8.2,5.1,6.8,4.5,4.9,3.1999999999999997,6.0,5.5,5.8,53.1,0.0
40,41.0,1 to 5 years,Newsprint industry,Large (500+),Outside North America,Indirect through broker,8.3,3.4,3.3,5.5,3.1,4.6,5.2,9.1,4.1,1.7,4.6,5.800000000000001,3.9,7.0,7.5,8.4,61.1,0.0
41,42.0,1 to 5 years,Newsprint industry,Small (0 to 499),USA/North America,Direct to customer,9.4,3.8000000000000003,4.7,5.4,3.8,6.5,4.9,8.5,4.9,6.2,4.1,4.5,4.1000000000000005,7.6,8.0,7.9,61.1,0.0
42,43.0,Over 5 years,Magazine industry,Large (500+),USA/North America,Direct to customer,9.3,5.1,4.6,6.8,5.8,6.6,6.3,7.4,5.1,4.1,4.6,4.6,4.3,8.9,7.8,7.6,72.1,0.0
43,44.0,1 to 5 years,Newsprint industry,Large (500+),Outside North America,Direct to customer,5.1,5.1,6.6,6.9,4.4,5.4,7.8,5.9,7.2,5.2,4.9,6.300000000000001,4.5,7.6,7.9,8.4,55.1,0.0
44,45.0,Over 5 years,Newsprint industry,Small (0 to 499),USA/North America,Indirect through broker,8.0,2.5,4.7,7.1,3.6,7.7,3.0,5.2,5.1,3.9,4.3,4.2,4.7,5.5,5.6,6.5,65.1,0.0
45,46.0,1 to 5 years,Magazine industry,Large (500+),Outside North America,Indirect through broker,5.9,4.1,5.7,5.9,5.8,6.3999999999999995,5.5,8.4,6.4,5.1,5.2,5.800000000000001,4.8,7.4,8.6,7.7,58.1,0.0
46,47.0,Over 5 years,Newsprint industry,Small (0 to 499),USA/North America,Direct to customer,0.0,4.300000000000001,7.1,6.3,2.9,5.4,4.5,3.8,6.7,3.7,5.0,4.0,3.5,7.1,8.8,8.0,67.1,0.0
47,48.0,1 to 5 years,Newsprint industry,Large (500+),Outside North America,Indirect through broker,5.7,3.8000000000000003,6.8,7.5,5.7,5.699999999999999,6.0,8.2,6.6,4.8,6.5,7.300000000000001,5.2,7.6,7.6,7.1,60.1,0.0
48,49.0,Over 5 years,Magazine industry,Small (0 to 499),Outside North America,Direct to customer,9.9,3.7,3.7,6.1,4.2,7.0,6.7,6.8,5.9,7.2,4.5,3.4000000000000004,3.9,8.7,8.1,8.5,67.1,0.0
49,50.0,Over 5 years,Newsprint industry,Large (500+),USA/North America,Direct to customer,7.9,3.9,4.3,5.8,4.4,6.8999999999999995,5.8,4.7,5.2,3.6,4.1,4.2,4.3,8.6,7.8,7.6,61.1,0.0
50,51.0,Less than 1 year,Magazine industry,Large (500+),Outside North America,Indirect through broker,6.7,3.6,5.9,4.2,3.4,4.699999999999999,4.8,7.2,5.7,5.3,4.0,3.6,2.8,5.4,7.5,7.2,48.1,0.0
51,52.0,Over 5 years,Newsprint industry,Small (0 to 499),USA/North America,Indirect through broker,8.2,2.7,3.7,7.4,2.7,7.8999999999999995,3.1,5.3,5.3,5.0,4.5,4.300000000000001,4.9,5.7,7.1,8.2,67.1,0.0
52,53.0,Over 5 years,Magazine industry,Large (500+),Outside North America,Direct to customer,9.4,2.5,4.8,6.1,3.2,7.3,4.6,6.3,6.3,9.2,4.7,4.6,4.6000000000000005,8.7,9.0,9.0,66.1,0.0
53,54.0,Less than 1 year,Newsprint industry,Small (0 to 499),USA/North America,Direct to customer,6.9,3.4,5.7,4.4,3.3,6.3999999999999995,4.7,5.2,6.4,4.4,3.2,2.7,3.3,6.1,7.0,7.2,44.1,0.0
54,55.0,1 to 5 years,Newsprint industry,Large (500+),Outside North America,Indirect through broker,8.0,3.3000000000000003,3.8,5.8,3.2,4.6,4.7,8.7,5.3,4.2,4.9,6.6,4.2,7.3,8.1,8.1,62.1,0.0
55,56.0,Over 5 years,Newsprint industry,Small (0 to 499),USA/North America,Indirect through broker,9.3,3.8000000000000003,7.3,5.7,3.7,6.3999999999999995,5.5,7.4,6.6,5.9,4.1,3.2,3.4,7.7,7.6,8.9,59.1,0.0
56,57.0,1 to 5 years,Magazine industry,Large (500+),Outside North America,Direct to customer,7.4,5.1,4.8,7.7,4.5,7.2,6.9,9.6,6.4,7.4,5.7,6.5,5.5,9.0,7.9,8.8,74.1,0.0
57,58.0,Over 5 years,Newsprint industry,Small (0 to 499),USA/North America,Indirect through broker,7.6,3.6,5.2,5.8,5.6,6.6,5.4,4.4,6.7,6.4,4.6,3.9000000000000004,4.0,8.2,7.5,7.5,58.1,0.0
58,59.0,Over 5 years,Newsprint industry,Small (0 to 499),USA/North America,Indirect through broker,0.0,4.300000000000001,5.3,3.7,4.2,5.4,4.5,3.8,6.7,4.5,3.7,4.0,3.5,7.1,6.5,7.0,67.1,0.0
59,60.0,Over 5 years,Newsprint industry,Large (500+),Outside North America,Indirect through broker,9.9,2.8,7.2,6.9,2.6,5.8,3.5,5.4,6.2,7.0,5.6,4.9,4.0,7.9,8.5,8.5,61.1,0.0
60,61.0,Over 5 years,Magazine industry,Small (0 to 499),USA/North America,Indirect through broker,8.7,3.2,8.4,6.1,2.8,7.8,3.8,4.9,7.2,4.5,5.4,3.9000000000000004,4.5,6.6,6.9,7.2,71.1,0.0
61,62.0,1 to 5 years,Magazine industry,Large (500+),Outside North America,Direct to customer,8.4,3.8000000000000003,6.7,5.0,4.5,4.699999999999999,5.9,6.7,5.1,4.2,2.7,5.0,3.6,8.0,7.6,8.8,63.1,0.0
62,63.0,Less than 1 year,Magazine industry,Small (0 to 499),USA/North America,Direct to customer,8.8,3.9,3.8,5.1,4.3,4.699999999999999,4.8,5.8,5.0,7.2,4.4,3.7,2.9,6.3,5.5,8.0,44.1,0.0
63,64.0,Less than 1 year,Magazine industry,Large (500+),Outside North America,Indirect through broker,7.7,2.2,6.3,4.5,2.4,4.699999999999999,3.4,6.2,6.0,4.7,3.3,3.1,2.6,6.0,6.0,8.1,47.1,0.0
64,65.0,Less than 1 year,Magazine industry,Large (500+),Outside North America,Indirect through broker,6.6,3.6,5.8,4.1,4.9,4.699999999999999,4.8,7.2,6.5,3.9,3.5,3.6,2.8,5.4,6.9,7.1,48.1,0.0
65,66.0,1 to 5 years,Newsprint industry,Large (500+),Outside North America,Indirect through broker,5.7,3.8000000000000003,3.5,6.7,5.4,5.699999999999999,6.0,8.2,5.4,5.0,4.7,7.300000000000001,5.2,7.6,6.9,9.0,60.1,0.0
66,67.0,1 to 5 years,Newsprint industry,Small (0 to 499),Outside North America,Indirect through broker,5.7,4.0,7.9,6.4,2.7,5.5,5.1,6.2,7.5,6.4,5.0,6.199999999999999,4.5,6.4,5.6,6.2,50.1,0.0
67,68.0,1 to 5 years,Newsprint industry,Small (0 to 499),Outside North America,Direct to customer,5.5,3.7,4.7,5.4,4.3,5.3,4.9,6.0,5.6,2.5,4.5,5.9,4.3,6.1,6.3,8.2,48.1,0.0
68,69.0,Less than 1 year,Newsprint industry,Large (500+),Outside North America,Indirect through broker,7.5,3.5,3.8,3.5,2.9,4.1,4.5,7.6,5.1,5.2,4.0,5.4,3.4,5.2,5.8,5.8,51.1,0.0
69,70.0,1 to 5 years,Magazine industry,Large (500+),Outside North America,Indirect through broker,6.4,3.6,2.7,5.3,3.9,3.9,5.3,7.1,5.2,5.5,4.7,6.6,3.9,6.6,6.6,8.0,58.1,0.0
70,71.0,Over 5 years,Magazine industry,Small (0 to 499),Outside North America,Indirect through broker,9.1,4.5,6.1,5.9,6.3,5.3,7.1,8.4,7.1,5.7,5.4,6.1,4.4,7.6,7.5,7.7,67.1,0.0
71,72.0,Less than 1 year,Newsprint industry,Small (0 to 499),USA/North America,Direct to customer,6.7,3.2,3.0,3.7,4.8,6.3,4.5,5.0,5.2,2.5,2.9,2.6,3.1,5.8,6.0,7.0,43.1,0.0
72,73.0,1 to 5 years,Magazine industry,Large (500+),Outside North America,Indirect through broker,6.5,4.300000000000001,2.7,6.6,6.5,6.3,6.0,8.7,4.7,6.3,4.6,5.6,4.6000000000000005,7.9,6.6,7.9,66.1,0.0
73,74.0,Over 5 years,Magazine industry,Large (500+),Outside North America,Direct to customer,9.9,3.7,7.5,4.7,5.6,7.0,6.7,6.8,7.2,4.6,4.1,3.4000000000000004,3.9,8.6,8.8,9.8,66.1,0.0
74,75.0,1 to 5 years,Magazine industry,Large (500+),Outside North America,Direct to customer,8.5,3.9,5.3,5.5,5.0,4.9,6.0,6.8,5.7,3.6,4.4,5.1,3.6999999999999997,8.2,7.0,8.4,65.1,0.0
75,76.0,Over 5 years,Magazine industry,Small (0 to 499),USA/North America,Indirect through broker,9.9,3.0,6.8,5.0,5.4,5.9,4.8,4.9,7.3,7.6,3.1,4.300000000000001,3.8,7.1,6.6,8.9,63.1,0.0
76,77.0,Less than 1 year,Magazine industry,Small (0 to 499),Outside North America,Direct to customer,7.6,3.6,7.6,4.6,4.7,4.6,5.0,7.4,8.1,6.6,4.5,5.800000000000001,3.9,6.4,6.9,7.5,49.1,0.0
77,78.0,1 to 5 years,Newsprint industry,Small (0 to 499),USA/North America,Direct to customer,9.4,3.8000000000000003,7.0,6.2,4.7,6.5,4.9,8.5,7.3,2.4,4.3,4.5,4.1000000000000005,7.6,7.3,8.0,61.1,0.0
78,79.0,Over 5 years,Magazine industry,Small (0 to 499),USA/North America,Direct to customer,9.3,3.5,6.3,7.6,5.5,7.5,5.9,4.6,6.6,3.1,5.2,4.1,4.6000000000000005,8.9,7.3,8.1,72.1,0.0
79,80.0,Less than 1 year,Newsprint industry,Large (500+),Outside North America,Indirect through broker,7.1,3.4,4.9,4.1,4.0,5.0,5.9,7.8,6.1,3.5,2.6,3.1,2.7,5.7,5.8,7.6,44.1,0.0
80,81.0,Over 5 years,Magazine industry,Large (500+),USA/North America,Indirect through broker,9.9,3.0,7.4,4.8,4.0,5.9,4.8,4.9,5.9,6.9,3.2,4.300000000000001,3.8,7.1,7.9,8.8,63.1,0.0
81,82.0,Over 5 years,Magazine industry,Small (0 to 499),USA/North America,Indirect through broker,8.7,3.2,6.4,4.9,2.4,6.8,4.6,6.8,6.3,5.1,4.3,3.7,4.0,7.4,7.3,8.0,68.1,0.0
82,83.0,1 to 5 years,Magazine industry,Small (0 to 499),USA/North America,Direct to customer,8.6,2.9000000000000004,5.8,3.9,2.9,5.6,4.0,6.3,6.1,4.0,2.7,3.0,3.0,6.6,6.1,8.5,53.1,0.0
83,84.0,Less than 1 year,Newsprint industry,Small (0 to 499),Outside North America,Indirect through broker,6.4,3.2,6.7,3.6,2.2,2.9,5.0,8.4,7.3,6.5,2.0,3.7,1.6,5.0,5.1,6.5,37.1,0.0
84,85.0,1 to 5 years,Magazine industry,Small (0 to 499),USA/North America,Direct to customer,7.7,2.6,6.7,6.6,1.9,7.2,4.3,5.9,6.5,4.1,4.7,3.9000000000000004,4.3,8.2,7.5,7.7,52.1,0.0
85,86.0,Less than 1 year,Newsprint industry,Large (500+),Outside North America,Indirect through broker,7.5,3.5,4.1,4.5,3.5,4.1,4.5,7.6,4.9,2.8,3.4,5.4,3.4,5.2,6.0,7.2,51.1,0.0
86,87.0,Less than 1 year,Magazine industry,Small (0 to 499),Outside North America,Indirect through broker,5.0,3.6,1.3,3.0,3.5,4.199999999999999,4.9,8.2,4.3,7.6,2.4,4.800000000000001,3.1,5.2,5.5,6.0,48.1,0.0
87,88.0,1 to 5 years,Magazine industry,Small (0 to 499),USA/North America,Direct to customer,7.7,2.6,8.0,6.7,3.5,7.2,4.3,5.9,6.9,7.7,5.1,3.9000000000000004,4.3,8.2,7.6,8.2,52.1,0.0
88,89.0,1 to 5 years,Newsprint industry,Small (0 to 499),USA/North America,Direct to customer,9.1,3.6,5.5,5.4,4.2,6.199999999999999,4.6,8.3,6.5,4.1,4.6,4.300000000000001,3.9,7.3,6.5,7.4,59.1,0.0
89,90.0,1 to 5 years,Newsprint industry,Small (0 to 499),Outside North America,Direct to customer,5.5,5.5,7.7,7.0,5.6,5.699999999999999,8.2,6.3,7.4,4.9,5.5,6.699999999999999,4.9,8.2,7.6,9.3,59.1,0.0
90,91.0,Over 5 years,Newsprint industry,Small (0 to 499),USA/North America,Indirect through broker,9.1,3.7,7.0,4.1,4.4,6.3,5.4,7.3,7.5,4.6,4.4,3.0,3.3,7.4,7.9,7.9,58.1,0.0
91,92.0,Less than 1 year,Newsprint industry,Small (0 to 499),Outside North America,Indirect through broker,7.1,4.2,4.1,2.6,2.1,3.3,4.5,9.9,5.5,3.5,2.0,4.0,2.4,4.8,5.0,6.5,51.1,0.0
92,93.0,Over 5 years,Newsprint industry,Large (500+),USA/North America,Direct to customer,9.2,3.9,4.6,5.3,4.2,8.399999999999999,4.8,7.1,6.2,6.6,4.4,2.6,4.2,7.6,7.5,8.6,72.1,0.0
93,94.0,Over 5 years,Magazine industry,Large (500+),Outside North America,Direct to customer,9.3,3.5,5.4,7.8,4.6,7.5,5.9,4.6,6.4,4.9,4.8,4.1,4.6000000000000005,8.9,7.6,8.9,72.1,0.0
94,95.0,Over 5 years,Newsprint industry,Large (500+),USA/North America,Indirect through broker,9.3,3.8000000000000003,4.0,4.6,4.7,6.3999999999999995,5.5,7.4,5.3,4.8,3.6,3.2,3.4,7.7,7.3,8.4,59.1,0.0
95,96.0,Less than 1 year,Newsprint industry,Small (0 to 499),USA/North America,Direct to customer,8.6,4.800000000000001,5.6,5.3,2.3,6.0,5.7,6.7,5.8,3.6,4.9,3.6,3.6,7.3,8.1,8.1,50.1,0.0
96,97.0,Less than 1 year,Magazine industry,Small (0 to 499),Outside North America,Direct to customer,7.4,3.4,2.6,5.0,4.1,4.4,4.8,7.2,4.5,6.4,4.2,5.6,3.6999999999999997,6.3,5.5,7.2,48.1,0.0
97,98.0,Less than 1 year,Magazine industry,Small (0 to 499),USA/North America,Direct to customer,8.7,3.2,3.3,3.2,3.1,6.1,2.9,5.6,5.0,4.3,3.1,2.9000000000000004,2.5,5.4,7.0,7.7,51.1,0.0
98,99.0,1 to 5 years,Newsprint industry,Small (0 to 499),Outside North America,Direct to customer,7.8,4.9,5.8,5.3,5.2,5.3,7.1,7.9,6.0,5.7,4.3,4.9,3.9,6.4,7.1,7.4,61.1,0.0
99,100.0,1 to 5 years,Newsprint industry,Large (500+),Outside North America,Indirect through broker,7.9,3.0,4.4,5.1,5.9,4.199999999999999,4.8,9.7,5.7,5.8,3.4,5.4,3.5,6.4,7.3,7.0,57.1,0.0
